raceId,year,round,circuitId,name,date,time,url,weather,weather_type
989,2018,1,1,Australian Grand Prix,2018-03-25,05:10:00,https://en.wikipedia.org/wiki/2018_Australian_Grand_Prix,Parzialmente nuvoloso,2
990,2018,2,3,Bahrain Grand Prix,2018-04-08,15:10:00,https://en.wikipedia.org/wiki/2018_Bahrain_Grand_Prix,Sereno,1
991,2018,3,17,Chinese Grand Prix,2018-04-15,06:10:00,https://en.wikipedia.org/wiki/2018_Chinese_Grand_Prix,Soleggiato,1
992,2018,4,73,Azerbaijan Grand Prix,2018-04-29,12:10:00,https://en.wikipedia.org/wiki/2018_Azerbaijan_Grand_Prix,Nuvoloso,2
993,2018,5,4,Spanish Grand Prix,2018-05-13,13:10:00,https://en.wikipedia.org/wiki/2018_Spanish_Grand_Prix,Parzialmente nuvoloso,2
994,2018,6,6,Monaco Grand Prix,2018-05-27,13:10:00,https://en.wikipedia.org/wiki/2018_Monaco_Grand_Prix,Coperto,2
995,2018,7,7,Canadian Grand Prix,2018-06-10,18:10:00,https://en.wikipedia.org/wiki/2018_Canadian_Grand_Prix,Sereno,1
996,2018,8,34,French Grand Prix,2018-06-24,14:10:00,https://en.wikipedia.org/wiki/2018_French_Grand_Prix,Parzialmente nuvoloso,2
997,2018,9,70,Austrian Grand Prix,2018-07-01,13:10:00,https://en.wikipedia.org/wiki/2018_Austrian_Grand_Prix,Sereno,1
998,2018,10,9,British Grand Prix,2018-07-08,13:10:00,https://en.wikipedia.org/wiki/2018_British_Grand_Prix,Soleggiato,1
999,2018,11,10,German Grand Prix,2018-07-22,13:10:00,https://en.wikipedia.org/wiki/2018_German_Grand_Prix,Parzialmente nuvoloso con pioggia nel finale di gara,3
1000,2018,12,11,Hungarian Grand Prix,2018-07-29,13:10:00,https://en.wikipedia.org/wiki/2018_Hungarian_Grand_Prix,Sereno,1
1001,2018,13,13,Belgian Grand Prix,2018-08-26,13:10:00,https://en.wikipedia.org/wiki/2018_Belgian_Grand_Prix,Parzialmente nuvoloso,2
1002,2018,14,14,Italian Grand Prix,2018-09-02,13:10:00,https://en.wikipedia.org/wiki/2018_Italian_Grand_Prix,Parzialmente nuvoloso,2
1003,2018,15,15,Singapore Grand Prix,2018-09-16,12:10:00,https://en.wikipedia.org/wiki/2018_Singapore_Grand_Prix,Sereno,1
1004,2018,16,71,Russian Grand Prix,2018-09-30,11:10:00,https://en.wikipedia.org/wiki/2018_Russian_Grand_Prix,Parzialmente nuvoloso,2
1005,2018,17,22,Japanese Grand Prix,2018-10-07,05:10:00,https://en.wikipedia.org/wiki/2018_Japanese_Grand_Prix,Soleggiato,1
1006,2018,18,69,United States Grand Prix,2018-10-21,18:10:00,https://en.wikipedia.org/wiki/2018_United_States_Grand_Prix,Soleggiato,1
1007,2018,19,32,Mexican Grand Prix,2018-10-28,19:10:00,https://en.wikipedia.org/wiki/2018_Mexican_Grand_Prix,Parzialmente nuvoloso,2
1008,2018,20,18,Brazilian Grand Prix,2018-11-11,17:10:00,https://en.wikipedia.org/wiki/2018_Brazilian_Grand_Prix,Parzialmente nuvoloso,2
1009,2018,21,24,Abu Dhabi Grand Prix,2018-11-25,13:10:00,https://en.wikipedia.org/wiki/2018_Abu_Dhabi_Grand_Prix,Parzialmente nuvoloso,2
1010,2019,1,1,Australian Grand Prix,2019-03-17,05:10:00,https://en.wikipedia.org/wiki/2019_Australian_Grand_Prix,Sereno,1
1011,2019,2,3,Bahrain Grand Prix,2019-03-31,15:10:00,https://en.wikipedia.org/wiki/2019_Bahrain_Grand_Prix,Sereno,1
1012,2019,3,17,Chinese Grand Prix,2019-04-14,06:10:00,https://en.wikipedia.org/wiki/2019_Chinese_Grand_Prix,Nuvoloso,2
1013,2019,4,73,Azerbaijan Grand Prix,2019-04-28,12:10:00,https://en.wikipedia.org/wiki/2019_Azerbaijan_Grand_Prix,Sereno,1
1014,2019,5,4,Spanish Grand Prix,2019-05-12,13:10:00,https://en.wikipedia.org/wiki/2019_Spanish_Grand_Prix,Sereno,1
1015,2019,6,6,Monaco Grand Prix,2019-05-26,13:10:00,https://en.wikipedia.org/wiki/2019_Monaco_Grand_Prix,Nuvoloso con pioggia leggera,3
1016,2019,7,7,Canadian Grand Prix,2019-06-09,18:10:00,https://en.wikipedia.org/wiki/2019_Canadian_Grand_Prix,Sereno,1
1017,2019,8,34,French Grand Prix,2019-06-23,13:10:00,https://en.wikipedia.org/wiki/2019_French_Grand_Prix,Sereno,1
1018,2019,9,70,Austrian Grand Prix,2019-06-30,13:10:00,https://en.wikipedia.org/wiki/2019_Austrian_Grand_Prix,Sereno,1
1019,2019,10,9,British Grand Prix,2019-07-14,13:10:00,https://en.wikipedia.org/wiki/2019_British_Grand_Prix,Parzialmente nuvoloso,2
1020,2019,11,10,German Grand Prix,2019-07-28,13:10:00,https://en.wikipedia.org/wiki/2019_German_Grand_Prix,"Piovoso ad inizio gara, nuvoloso nel finale",3
1021,2019,12,11,Hungarian Grand Prix,2019-08-04,13:10:00,https://en.wikipedia.org/wiki/2019_Hungarian_Grand_Prix,Sereno,1
1022,2019,13,13,Belgian Grand Prix,2019-09-01,13:10:00,https://en.wikipedia.org/wiki/2019_Belgian_Grand_Prix,Parzialmente nuvoloso,2
1023,2019,14,14,Italian Grand Prix,2019-09-08,13:10:00,https://en.wikipedia.org/wiki/2019_Italian_Grand_Prix,Parzialmente nuvoloso,2
1024,2019,15,15,Singapore Grand Prix,2019-09-22,12:10:00,https://en.wikipedia.org/wiki/2019_Singapore_Grand_Prix,Sereno,1
1025,2019,16,71,Russian Grand Prix,2019-09-29,11:10:00,https://en.wikipedia.org/wiki/2019_Russian_Grand_Prix,Parzialmente nuvoloso,2
1026,2019,17,22,Japanese Grand Prix,2019-10-13,05:10:00,https://en.wikipedia.org/wiki/2019_Japanese_Grand_Prix,Sereno,1
1027,2019,18,32,Mexican Grand Prix,2019-10-27,19:10:00,https://en.wikipedia.org/wiki/2019_Mexican_Grand_Prix,Parzialmente nuvoloso,2
1028,2019,19,69,United States Grand Prix,2019-11-03,19:10:00,https://en.wikipedia.org/wiki/2019_United_States_Grand_Prix,Sereno,1
1029,2019,20,18,Brazilian Grand Prix,2019-11-17,17:10:00,https://en.wikipedia.org/wiki/2019_Brazilian_Grand_Prix,Sereno,1
1030,2019,21,24,Abu Dhabi Grand Prix,2019-12-01,13:10:00,https://en.wikipedia.org/wiki/2019_Abu_Dhabi_Grand_Prix,Sereno,1
1031,2020,1,70,Austrian Grand Prix,2020-07-05,13:10:00,https://en.wikipedia.org/wiki/2020_Austrian_Grand_Prix,Sereno,1
1032,2020,2,70,Styrian Grand Prix,2020-07-12,13:10:00,https://en.wikipedia.org/wiki/2020_Styrian_Grand_Prix,Parzialmente nuvoloso,2
1033,2020,3,11,Hungarian Grand Prix,2020-07-19,13:10:00,https://en.wikipedia.org/wiki/2020_Hungarian_Grand_Prix,Parzialmente nuvoloso,2
1034,2020,4,9,British Grand Prix,2020-08-02,13:10:00,https://en.wikipedia.org/wiki/2020_British_Grand_Prix,Parzialmente nuvoloso,2
1035,2020,5,9,70th Anniversary Grand Prix,2020-08-09,13:10:00,https://en.wikipedia.org/wiki/70th_Anniversary_Grand_Prix,Sereno,1
1036,2020,6,4,Spanish Grand Prix,2020-08-16,13:10:00,https://en.wikipedia.org/wiki/2020_Spanish_Grand_Prix,Parzialmente nuvoloso,2
1037,2020,7,13,Belgian Grand Prix,2020-08-30,13:10:00,https://en.wikipedia.org/wiki/2020_Belgian_Grand_Prix,Parzialmente nuvoloso,2
1038,2020,8,14,Italian Grand Prix,2020-09-06,13:10:00,https://en.wikipedia.org/wiki/2020_Italian_Grand_Prix,Sereno,1
1039,2020,9,76,Tuscan Grand Prix,2020-09-13,13:10:00,https://en.wikipedia.org/wiki/2020_Tuscan_Grand_Prix,Sereno,1
1040,2020,10,71,Russian Grand Prix,2020-09-27,11:10:00,https://en.wikipedia.org/wiki/2020_Russian_Grand_Prix,Sereno,1
1041,2020,11,20,Eifel Grand Prix,2020-10-11,13:10:00,https://en.wikipedia.org/wiki/2020_Eifel_Grand_Prix,Parzialmente nuvoloso,2
1042,2020,12,75,Portuguese Grand Prix,2020-10-25,12:10:00,https://en.wikipedia.org/wiki/2020_Portuguese_Grand_Prix,Nuvoloso,2
1043,2020,13,21,Emilia Romagna Grand Prix,2020-11-01,12:10:00,https://en.wikipedia.org/wiki/2020_Emilia_Romagna_Grand_Prix,Parzialmente nuvoloso,2
1044,2020,14,5,Turkish Grand Prix,2020-11-15,10:10:00,https://en.wikipedia.org/wiki/2020_Turkish_Grand_Prix,"Piovoso ad inizio gara, umido successivamente",3
1045,2020,15,3,Bahrain Grand Prix,2020-11-29,14:10:00,https://en.wikipedia.org/wiki/2020_Bahrain_Grand_Prix,Sereno,1
1046,2020,16,3,Sakhir Grand Prix,2020-12-06,17:10:00,https://en.wikipedia.org/wiki/2020_Sakhir_Grand_Prix,Sereno,1
1047,2020,17,24,Abu Dhabi Grand Prix,2020-12-13,13:10:00,https://en.wikipedia.org/wiki/2020_Abu_Dhabi_Grand_Prix,Sereno,1
1053,2021,2,21,Emilia Romagna Grand Prix,2021-04-18,13:00:00,http://en.wikipedia.org/wiki/2021_Emilia_Romagna_Grand_Prix,"Piovoso a inizio gara, umido successivamente",3
1052,2021,1,3,Bahrain Grand Prix,2021-03-28,15:00:00,https://en.wikipedia.org/wiki/2021_Bahrain_Grand_Prix,Sereno,1
1051,2021,20,78,Qatar Grand Prix,2021-11-21,14:00:00,http://en.wikipedia.org/wiki/2021_Qatar_Grand_Prix,Sereno,1
1054,2021,3,75,Portuguese Grand Prix,2021-05-02,14:00:00,http://en.wikipedia.org/wiki/2021_Portuguese_Grand_Prix,Poco nuvoloso,1
1055,2021,4,4,Spanish Grand Prix,2021-05-09,13:00:00,http://en.wikipedia.org/wiki/2021_Spanish_Grand_Prix,Nuvoloso,2
1056,2021,5,6,Monaco Grand Prix,2021-05-23,13:00:00,http://en.wikipedia.org/wiki/2021_Monaco_Grand_Prix,Sereno,1
1057,2021,6,73,Azerbaijan Grand Prix,2021-06-06,12:00:00,http://en.wikipedia.org/wiki/2021_Azerbaijan_Grand_Prix,Sereno,1
1058,2021,8,70,Styrian Grand Prix,2021-06-27,13:00:00,http://en.wikipedia.org/wiki/2021_Styrian_Grand_Prix,Parzialmente nuvoloso,2
1059,2021,7,34,French Grand Prix,2021-06-20,13:00:00,http://en.wikipedia.org/wiki/2021_French_Grand_Prix,Parzialmente nuvoloso,2
1060,2021,9,70,Austrian Grand Prix,2021-07-04,13:00:00,http://en.wikipedia.org/wiki/2021_Austrian_Grand_Prix,Parzialmente nuvoloso,2
1061,2021,10,9,British Grand Prix,2021-07-18,14:00:00,http://en.wikipedia.org/wiki/2021_British_Grand_Prix,Sereno,1
1062,2021,11,11,Hungarian Grand Prix,2021-08-01,13:00:00,http://en.wikipedia.org/wiki/2021_Hungarian_Grand_Prix,"Piovoso a inizio gara, asciutto successivamente",3
1063,2021,12,13,Belgian Grand Prix,2021-08-29,13:00:00,http://en.wikipedia.org/wiki/2021_Belgian_Grand_Prix,Piovoso,3
1064,2021,13,39,Dutch Grand Prix,2021-09-05,13:00:00,http://en.wikipedia.org/wiki/2021_Dutch_Grand_Prix,Sereno,1
1065,2021,14,14,Italian Grand Prix,2021-09-12,13:00:00,http://en.wikipedia.org/wiki/2021_Italian_Grand_Prix,Sereno,1
1066,2021,15,71,Russian Grand Prix,2021-09-26,12:00:00,http://en.wikipedia.org/wiki/2021_Russian_Grand_Prix,Nuvoloso con pioggia nel finale,3
1067,2021,16,5,Turkish Grand Prix,2021-10-10,12:00:00,http://en.wikipedia.org/wiki/2021_Turkish_Grand_Prix,Nuvoloso e piovoso,3
1069,2021,17,69,United States Grand Prix,2021-10-24,19:00:00,http://en.wikipedia.org/wiki/2021_United_States_Grand_Prix,Sereno,1
1070,2021,18,32,Mexico City Grand Prix,2021-11-07,19:00:00,http://en.wikipedia.org/wiki/2021_Mexican_Grand_Prix,Sereno,1
1071,2021,19,18,São Paulo Grand Prix,2021-11-14,17:00:00,http://en.wikipedia.org/wiki/2021_São_Paulo_Grand_Prix,not found,0
1072,2021,21,77,Saudi Arabian Grand Prix,2021-12-05,17:30:00,http://en.wikipedia.org/wiki/2021_Saudi_Arabian_Grand_Prix,Sereno,1
1073,2021,22,24,Abu Dhabi Grand Prix,2021-12-12,13:00:00,http://en.wikipedia.org/wiki/2021_Abu_Dhabi_Grand_Prix,Sereno,1
